<?xml version='1.0' encoding='utf-8'?>
	<!DOCTYPE hibernate-configuration PUBLIC
"-//Hibernate/Hibernate Configuration DTD 3.0//EN"
"http://www.hibernate.org/dtd/hibernate-configuration-3.0.dtd">
	<hibernate-configuration>
		<session-factory>
			<!-- Database connection settings -->
			<property name="connection.driver_class">
				com.mysql.jdbc.Driver
			</property>
			<property name="connection.url">
				JDBC:MySql://LOCALHOST:3306/ecommerce
			</property>
			<property name="connection.username">MySql root</property>
			<property name="connection.password">
				MySql @Rajiranganpilu2802
			</property>
			<property name="hibernate.hbm2ddl.auto">update</property>
		</session-factory>
	</hibernate-configuration>
